{"cameraMode":{"drawMode":0,"name":"Shaded","section":"Shading Mode"},"sceneLighting":false,"audioPlay":false,"sceneViewState":{"showFog":true,"showMaterialUpdate":true,"showSkybox":true,"showFlares":true,"showImageEffects":true,"showParticleSystems":true},"in2DMode":false,"pivot":{"x":-14.25306510925293,"y":6.610595703125,"z":-27.970766067504884},"rotation":{"x":0.014035698026418686,"y":-0.09135737270116806,"z":-0.0012870203936472536,"w":-0.9957184791564941},"size":2.9038262367248537,"orthographic":false}