{"cameraMode":{"drawMode":0,"name":"Shaded","section":"Shading Mode"},"sceneLighting":false,"audioPlay":false,"sceneViewState":{"showFog":true,"showMaterialUpdate":true,"showSkybox":true,"showFlares":true,"showImageEffects":true,"showParticleSystems":true},"in2DMode":false,"pivot":{"x":20.235557556152345,"y":0.8430197238922119,"z":18.78825569152832},"rotation":{"x":0.016931839287281038,"y":-0.13753648102283479,"z":-0.0023506521247327329,"w":-0.9903491735458374},"size":2.953822135925293,"orthographic":false}