{"cameraMode":{"drawMode":0,"name":"Shaded","section":"Shading Mode"},"sceneLighting":false,"audioPlay":false,"sceneViewState":{"showFog":true,"showMaterialUpdate":true,"showSkybox":true,"showFlares":true,"showImageEffects":true,"showParticleSystems":true},"in2DMode":false,"pivot":{"x":-37.2342643737793,"y":11.359684944152832,"z":-62.96067428588867},"rotation":{"x":0.1377788931131363,"y":-0.07272389531135559,"z":-0.01014344859868288,"w":-0.9877374768257141},"size":11.027396202087403,"orthographic":false}