{"cameraMode":{"drawMode":0,"name":"Shaded","section":"Shading Mode"},"sceneLighting":false,"audioPlay":false,"sceneViewState":{"showFog":true,"showMaterialUpdate":true,"showSkybox":true,"showFlares":true,"showImageEffects":true,"showParticleSystems":true},"in2DMode":false,"pivot":{"x":-20.985931396484376,"y":-0.12785935401916505,"z":25.51285171508789},"rotation":{"x":-0.0039024229627102615,"y":-0.03598598390817642,"z":0.00014128006296232343,"w":-0.9993447065353394},"size":9.598217010498047,"orthographic":false}