{"cameraMode":{"drawMode":0,"name":"Shaded","section":"Shading Mode"},"sceneLighting":false,"audioPlay":false,"sceneViewState":{"showFog":true,"showMaterialUpdate":true,"showSkybox":true,"showFlares":true,"showImageEffects":true,"showParticleSystems":true},"in2DMode":false,"pivot":{"x":-34.42910385131836,"y":10.802249908447266,"z":-56.24802017211914},"rotation":{"x":0.05429269000887871,"y":-0.10017561912536621,"z":-0.005473785102367401,"w":-0.9934723377227783},"size":6.712772846221924,"orthographic":false}