{"cameraMode":{"drawMode":0,"name":"Shaded","section":"Shading Mode"},"sceneLighting":false,"audioPlay":false,"sceneViewState":{"showFog":true,"showMaterialUpdate":true,"showSkybox":true,"showFlares":true,"showImageEffects":true,"showParticleSystems":true},"in2DMode":false,"pivot":{"x":-20.850183486938478,"y":14.434029579162598,"z":-49.92647933959961},"rotation":{"x":0.016931839287281038,"y":-0.13753648102283479,"z":-0.0023506521247327329,"w":-0.9903491735458374},"size":15.244819641113282,"orthographic":false}