{"cameraMode":{"drawMode":0,"name":"Shaded","section":"Shading Mode"},"sceneLighting":false,"audioPlay":false,"sceneViewState":{"showFog":true,"showMaterialUpdate":true,"showSkybox":true,"showFlares":true,"showImageEffects":true,"showParticleSystems":true},"in2DMode":false,"pivot":{"x":-38.94731903076172,"y":13.412308692932129,"z":-81.10372924804688},"rotation":{"x":0.04959819093346596,"y":-0.13738393783569337,"z":-0.0068872650153934959,"w":-0.9892513751983643},"size":12.719032287597657,"orthographic":false}