{"cameraMode":{"drawMode":0,"name":"Shaded","section":"Shading Mode"},"sceneLighting":false,"audioPlay":false,"sceneViewState":{"showFog":true,"showMaterialUpdate":true,"showSkybox":true,"showFlares":true,"showImageEffects":true,"showParticleSystems":true},"in2DMode":false,"pivot":{"x":-35.738643646240237,"y":12.272461891174317,"z":-60.97589874267578},"rotation":{"x":0.0706440657377243,"y":-0.10453660041093826,"z":-0.007443831767886877,"w":-0.9919809699058533},"size":5.793746471405029,"orthographic":false}