{"cameraMode":{"drawMode":0,"name":"Shaded","section":"Shading Mode"},"sceneLighting":false,"audioPlay":false,"sceneViewState":{"showFog":true,"showMaterialUpdate":true,"showSkybox":true,"showFlares":true,"showImageEffects":true,"showParticleSystems":true},"in2DMode":false,"pivot":{"x":-43.10574722290039,"y":13.84503173828125,"z":-80.17166900634766},"rotation":{"x":-0.0188747588545084,"y":0.05546757951378822,"z":-0.0010479848133400083,"w":-0.9982814788818359},"size":43.22649002075195,"orthographic":false}