{"cameraMode":{"drawMode":0,"name":"Shaded","section":"Shading Mode"},"sceneLighting":false,"audioPlay":false,"sceneViewState":{"showFog":true,"showMaterialUpdate":true,"showSkybox":true,"showFlares":true,"showImageEffects":true,"showParticleSystems":true},"in2DMode":false,"pivot":{"x":-18.11524772644043,"y":2.754671573638916,"z":-18.225656509399415},"rotation":{"x":-0.03799813985824585,"y":0.14340321719646455,"z":-0.00550936721265316,"w":-0.9889193177223206},"size":10.848357200622559,"orthographic":false}