{"cameraMode":{"drawMode":0,"name":"Shaded","section":"Shading Mode"},"sceneLighting":false,"audioPlay":false,"sceneViewState":{"showFog":true,"showMaterialUpdate":true,"showSkybox":true,"showFlares":true,"showImageEffects":true,"showParticleSystems":true},"in2DMode":false,"pivot":{"x":-34.300201416015628,"y":10.336812973022461,"z":-60.21435546875},"rotation":{"x":0.12771277129650117,"y":-0.02230793610215187,"z":-0.0028725089505314829,"w":-0.9915561676025391},"size":2.3724846839904787,"orthographic":false}